﻿Designator,Footprint,Quantity,Value,LCSC Part #
"C1, C5",CP_EIA-6032-15_Kemet-U_HandSolder,2,10uF,
"C2, C3, C4, C7, C8, C9",0805,6,100nF,
D1,LED_D3.0mm,1,LED,
"H1, H2, H3, H4",MountingHole_3mm_Pad_TopBottom,4,MountingHole_Pad,
J1,Altech_AK100_1x02_P5.00mm,1,+5V IN,
J10,TerminalBlock_TE_282834-2_1x02_P2.54mm_Horizontal,1,TX,
J4,PinHeader_1x05_P2.54mm_Vertical,1,KY-040 Rotary Encoder,
J5,PinHeader_1x08_P2.54mm_Vertical,1,IPS-Display,
J7,TerminalBlock_TE_282834-2_1x02_P2.54mm_Horizontal,1,I2C,
J9,TerminalBlock_TE_282834-2_1x02_P2.54mm_Horizontal,1,PTT,
R2,0805,1,1k,
"R3, R4",0805,2,4.7k,
SW1,TerminalBlock_TE_282834-2_1x02_P2.54mm_Horizontal,1,BAND,
SW2,TerminalBlock_TE_282834-2_1x02_P2.54mm_Horizontal,1,STEP+,
SW3,TerminalBlock_TE_282834-2_1x02_P2.54mm_Horizontal,1,STEP-,
SW4,TerminalBlock_TE_282834-2_1x02_P2.54mm_Horizontal,1,STORE,
SW5,TerminalBlock_TE_282834-2_1x02_P2.54mm_Horizontal,1,LIMIT,
U2,ESP32-DEVKITV1,1,ESP32-DEVKITV1,
U3,si5351,1,SI5351Module,
